{"y_hat_discrete":[0.00010131212139912579,0.0001836052822172622,0.0003251912895364539,0.0005628888001552235,0.0009522177690752638,0.0015742725610984807,0.0025436276719807745,0.004016586522129707,0.006198558193634188,0.00934876427977461,0.013779952068189268,0.019850487406659893,0.027946319078942898,0.0384510339407518,0.051703673689067704,0.06794613414625761,0.0872645941043901,0.10953208741021231,0.13436143274604764,0.1610786045999497,0.18872570734266828,0.2160997355437207,0.2418284429486749,0.2644785738461527,0.28268553075737973,0.2952885693005475,0.30145303601620516,0.30076178881985494,0.29326188842100004,0.2794592988316818,0.2602624261615811,0.23688325041380215,0.21071099821038333,0.18317661438262892,0.15562624073080478,0.12921877265138298,0.10485723726211243,0.08315747754509388,0.06445172411877469,0.04882011494189084,0.0361406595583613,0.02614761749899837,0.018489431695186697,0.012779632643573954,0.008636842215938533,0.005712578639730007,0.0037076013054139073,0.0023788535011437188,0.0015396661671905462,0.0010559044290185781,0.0008403552510769116,0.0008470518144236436,0.0010665535975126542,0.0015225464772599014,0.00226954743074381,0.0033910213873399072,0.0049968660376250845,0.007219026014897385,0.01020400644571262,0.014101317733557802,0.01904743311911743,0.025145669815937105,0.03244343752015903,0.040909379202413054,0.050413832804941855,0.060716510339911586,0.0714650922822861,0.08220743922791503,0.09241836134504193,0.10153958458716253,0.10902911145827061,0.11441409620790975,0.11734013042359259,0.11760981572609977,0.11520479169715511,0.11028780343108026,0.10318448519757162,0.09434769338359497,0.08430981625133266,0.07363002859733855,0.06284370280079926,0.05242018310471949,0.04273318585949921,0.03404567745386522,0.02650871399932584,0.020171830461872684,0.01500140478220131,0.010903062979314555,0.0077445302815561615,0.005376152931876093,0.0036473556833447702,0.002418324580608634,0.0015670434338396861,0.0009923787324259887,0.0006141915445743496,0.00037150117254879545,0.00021960716977097248,0.00012687113104680768,7.163233017181123e-5,3.95262230085585e-5],"abscisses":[0.0,0.15151515151515152,0.30303030303030304,0.4545454545454546,0.6060606060606061,0.7575757575757576,0.9090909090909092,1.0606060606060606,1.2121212121212122,1.3636363636363638,1.5151515151515151,1.6666666666666665,1.8181818181818183,1.96969696969697,2.121212121212121,2.272727272727273,2.4242424242424243,2.5757575757575757,2.7272727272727275,2.8787878787878785,3.0303030303030303,3.181818181818182,3.333333333333333,3.484848484848485,3.6363636363636367,3.787878787878788,3.93939393939394,4.090909090909091,4.242424242424242,4.393939393939394,4.545454545454546,4.696969696969697,4.848484848484849,5.0,5.151515151515151,5.303030303030303,5.454545454545455,5.606060606060606,5.757575757575757,5.909090909090909,6.0606060606060606,6.212121212121212,6.363636363636364,6.515151515151516,6.666666666666666,6.818181818181818,6.96969696969697,7.121212121212121,7.272727272727273,7.424242424242425,7.575757575757576,7.727272727272727,7.87878787878788,8.030303030303031,8.181818181818182,8.333333333333334,8.484848484848484,8.636363636363637,8.787878787878787,8.93939393939394,9.090909090909092,9.242424242424242,9.393939393939394,9.545454545454545,9.696969696969697,9.848484848484848,10.0,10.151515151515152,10.303030303030303,10.454545454545455,10.606060606060606,10.757575757575758,10.90909090909091,11.06060606060606,11.212121212121213,11.363636363636363,11.515151515151514,11.666666666666666,11.818181818181818,11.96969696969697,12.121212121212121,12.272727272727273,12.424242424242424,12.575757575757574,12.727272727272728,12.878787878787879,13.030303030303031,13.181818181818182,13.333333333333332,13.484848484848484,13.636363636363637,13.787878787878789,13.93939393939394,14.090909090909092,14.242424242424242,14.393939393939393,14.545454545454547,14.696969696969697,14.84848484848485,15.0],"y_hat_continuous":[0.0006282752967604132,0.0010603438345429136,0.0017489339873947036,0.0028192272868885937,0.004441367737147872,0.006838066929385307,0.010289160258716762,0.015130611718913388,0.021745180255761568,0.03054214313760201,0.04192431494333806,0.0562422144545012,0.0737375697278703,0.09448115597632527,0.11831274950416493,0.14479310009706878,0.17317857302398565,0.20242792223276818,0.23124728826594493,0.25817420624801074,0.28169492500411597,0.30038287231768174,0.3130410411313587,0.31882866697946505,0.3173535918258559,0.3087162166574533,0.293498197968495,0.272697656352683,0.2476209255358993,0.21974714954139798,0.19058518111450512,0.161541823236799,0.13381685123139486,0.10833445863848022,0.08571413383921854,0.06627784209748343,0.05008580099603789,0.03699065095484145,0.026699469242236724,0.018834461393778694,0.012985643278333096,0.008751699730254244,0.005767876887263954,0.0037218416278042028,0.0023597545393281606,0.0014853761040343914,0.0009550082245619699,0.0006706663768412356,0.0005732754469561425,0.000637033451111738,0.0008654822494245216,0.0012893013041433137,0.001965403861410057,0.002976557608875206,0.004430475575984356,0.006457151045819228,0.009203189506528153,0.012822081987054748,0.017459821128474225,0.023236002400816882,0.030221533156424084,0.03841516569707229,0.04772207188864162,0.057938329859209825,0.06874524558996319,0.07971670675216634,0.0903412312953154,0.10005818809921299,0.10830518140472532,0.11457129046619083,0.11844925841892238,0.11967924973208031,0.11817764748479333,0.11404645582702043,0.10756183856334749,0.09914358327055942,0.08931018232614116,0.07862620444546496,0.06764934830243735,0.05688396933866475,0.04674618147186696,0.037543292609342235,0.029467856512722903,0.022604489597207598,0.01694614173895583,0.01241586364722637,0.008890230166493741,0.006221269943374996,0.004254759900930018,0.002843813029892112,0.0018576204887693609,0.001185885928482765,0.0007398757781245363,0.0004511330806682433,0.0002688317190965472,0.0001565619835131964,8.91091069146679e-5,4.9566452553850364e-5,2.6945332998365082e-5,1.4315589714695727e-5],